accuracy,precision,recall,f1,roc_auc,bootstrap
0.7605714285714285,0.7771850371850371,0.8325,0.7945715419771147,0.8711011904761905,1
0.796952380952381,0.8110356865356866,0.8675,0.8288565588178592,0.894315476190476,2
0.8268571428571428,0.8529531024531025,0.85,0.8413987644622318,0.920982142857143,3
0.7985714285714286,0.8186955266955266,0.84,0.8231130541285339,0.8977380952380952,4
0.8219047619047619,0.8583470418470418,0.8275,0.8332363809221394,0.9154761904761906,5
0.7979999999999999,0.8144314574314575,0.8575,0.8281084838793816,0.9032738095238096,6
0.8403809523809523,0.8730007215007215,0.855,0.8575135255181694,0.9182738095238097,7
0.8500952380952381,0.8674559884559884,0.875,0.8665960111439988,0.943392857142857,8
0.7885714285714285,0.8140353535353536,0.82,0.8109415185777415,0.8986011904761904,9
0.8378095238095236,0.845386002886003,0.895,0.8605974759674448,0.9440178571428571,10
0.8550476190476191,0.8536782106782108,0.91,0.8761248483198947,0.9372916666666667,11
0.7693333333333334,0.792782772782773,0.83,0.7976714826281389,0.8780357142857143,12
0.7974285714285714,0.823616883116883,0.8325,0.8214539157093336,0.9070535714285716,13
0.7409523809523807,0.7764314574314575,0.78,0.7693427195439578,0.8614880952380952,14
0.7919999999999999,0.8006439116439117,0.8575,0.8222330449048714,0.8860714285714286,15
0.7717142857142858,0.8067225552225554,0.815,0.8005460726064441,0.9009523809523808,16
0.8029523809523808,0.8335981240981241,0.835,0.8263869269705182,0.9076190476190475,17
0.8447619047619047,0.9149126984126984,0.815,0.8521582110699757,0.9536309523809523,18
0.7336190476190475,0.7670735375735376,0.785,0.7659047524542879,0.8795238095238096,19
0.8482857142857143,0.8678160173160174,0.885,0.867849920805029,0.9434226190476191,20
0.8747619047619046,0.9035057720057719,0.8825,0.8846872372553485,0.9497916666666666,21
0.8236190476190477,0.8261507936507937,0.88,0.8468935933347698,0.9343750000000002,22
0.7897142857142856,0.7992842712842713,0.8525,0.8183256444278116,0.9080059523809524,23
0.8570476190476191,0.8957857142857142,0.855,0.8676496803849746,0.9460714285714286,24
0.8456190476190474,0.8722359307359308,0.86,0.858691239788763,0.9407440476190477,25
0.8094285714285712,0.8394098124098123,0.845,0.8313280939906327,0.9089880952380953,26
0.7820952380952381,0.7945562770562771,0.845,0.8117312039525661,0.9034523809523809,27
0.7683809523809524,0.8049112554112555,0.8025,0.7949380219024182,0.8749404761904761,28
0.7927619047619048,0.8114397269397269,0.86,0.8200855369260942,0.9234821428571429,29
0.7915238095238095,0.8269721944721945,0.82,0.8138523401263339,0.8892559523809525,30
0.7665714285714286,0.7875555555555555,0.83,0.8004793129127493,0.8709523809523809,31
0.8523809523809525,0.8610966810966812,0.895,0.8709730585891574,0.9500892857142857,32
0.7861904761904762,0.8140728715728716,0.825,0.8086855846252131,0.8954166666666667,33
0.8140952380952379,0.8524285714285713,0.82,0.8299223586870644,0.9201488095238096,34
0.8285714285714285,0.8440245310245309,0.8725,0.8498933646333025,0.9477976190476192,35
0.8319047619047617,0.863625874125874,0.86,0.8510581638863373,0.9256547619047619,36
0.8183809523809523,0.8512395382395381,0.83,0.8304758956214064,0.9324404761904761,37
0.8708571428571428,0.8895772005772006,0.8925,0.8847851491473783,0.9465773809523809,38
0.8264761904761905,0.8526392496392495,0.86,0.8465635695573774,0.9158035714285714,39
0.796,0.8202777777777776,0.835,0.818196598207434,0.9199999999999998,40
0.8179047619047617,0.8469105339105338,0.845,0.8386113360323887,0.9233630952380952,41
0.773809523809524,0.827113997113997,0.775,0.7886867023585288,0.9033035714285715,42
0.7969523809523809,0.8148715728715729,0.8475,0.8222900917452001,0.8972321428571429,43
0.8003809523809524,0.8208838383838384,0.8475,0.825805235184492,0.9128869047619048,44
0.8253333333333334,0.876103896103896,0.8275,0.8374754230977141,0.9388095238095238,45
0.857904761904762,0.8737265512265512,0.8975,0.8772989354986258,0.9378869047619047,46
0.8522857142857144,0.8365497835497835,0.935,0.8766951957571151,0.9560119047619047,47
0.886095238095238,0.9006565656565657,0.9125,0.9007841436169609,0.9561904761904763,48
0.7888571428571428,0.8190073260073261,0.83,0.8131534870358399,0.9074107142857144,49
0.801142857142857,0.8071370851370852,0.87,0.8313731387291756,0.9111309523809524,50
0.8373333333333334,0.8732518037518037,0.84,0.8462962818055696,0.9353273809523809,51
0.7889523809523808,0.8167402042402042,0.83,0.8160750651137647,0.9100892857142857,52
0.7366666666666667,0.7711096681096682,0.785,0.7673491568630887,0.8422916666666667,53
0.844190476190476,0.8574105339105338,0.87,0.8582778231400522,0.9316964285714286,54
0.8194285714285715,0.8489126984126986,0.84,0.8380592903828198,0.9168452380952381,55
0.876095238095238,0.9114401154401155,0.8775,0.8876429837792067,0.9654464285714285,56
0.8319047619047617,0.8563033633033632,0.865,0.8511909978566323,0.9036607142857145,57
0.7834285714285714,0.8065750360750361,0.8325,0.8106690009337068,0.8856249999999999,58
0.8411428571428572,0.8822121212121212,0.845,0.8560473771154884,0.9352083333333333,59
0.8123809523809523,0.8625714285714285,0.8125,0.8266549790079201,0.9169642857142857,60
0.834190476190476,0.8624502164502164,0.855,0.849257532972703,0.9052083333333333,61
0.7449523809523809,0.76729797979798,0.8025,0.7786863973659638,0.8829166666666666,62
0.7692380952380953,0.7787860472860473,0.84,0.8011433315566441,0.8880952380952379,63
0.7999047619047619,0.8128160173160173,0.8525,0.8257444119348143,0.8846726190476191,64
0.7720952380952381,0.7991349206349204,0.8175,0.7972483830239248,0.8899107142857144,65
0.8426666666666668,0.8785454545454544,0.8525,0.8558789507705916,0.9461309523809525,66
0.7773333333333332,0.7829339549339549,0.8625,0.8120857044572213,0.8592857142857144,67
0.8051428571428572,0.8214769119769119,0.86,0.8327403444508705,0.9253273809523809,68
0.8204761904761905,0.8390991785991786,0.865,0.8435051977606157,0.9198511904761905,69
0.8545714285714286,0.9070750360750361,0.84,0.8646830613486958,0.9463095238095238,70
0.8485714285714286,0.86898556998557,0.8775,0.8652301152579791,0.9437797619047621,71
0.7580952380952382,0.7835714285714288,0.8075,0.7858714168528409,0.8828571428571427,72
0.8655238095238096,0.8853665223665225,0.895,0.8819042515791741,0.9503273809523809,73
0.8044761904761905,0.8214134199134199,0.8625,0.8316410917943425,0.9266964285714286,74
0.8437142857142856,0.8805873015873016,0.845,0.854777294600824,0.949375,75
0.7821904761904763,0.7985873015873015,0.8425,0.8122879030154572,0.8920238095238094,76
0.8099047619047619,0.8101720501720502,0.8875,0.8397159297530813,0.8873809523809524,77
0.7415238095238095,0.7899350649350648,0.7625,0.7628644650842792,0.8598511904761905,78
0.8694285714285712,0.8809639249639248,0.9025,0.8851048813587512,0.9469940476190476,79
0.7697142857142858,0.8069502164502164,0.8,0.7938239509028981,0.8999107142857143,80
0.7887619047619048,0.809124431124431,0.85,0.8200601276948025,0.9030059523809524,81
0.8596190476190476,0.8717287157287157,0.8975,0.8775105183773916,0.9572321428571428,82
0.8026666666666665,0.8277929292929294,0.84,0.8247041604766062,0.9107440476190475,83
0.8065714285714286,0.8239242424242424,0.855,0.8307096719929536,0.9124702380952382,84
0.8022857142857143,0.8003354978354978,0.88,0.8322783674873458,0.922142857142857,85
0.8004761904761906,0.8206046176046174,0.855,0.8264178621516082,0.8937797619047619,86
0.8234285714285713,0.8497958152958153,0.85,0.8431781660032434,0.9239583333333334,87
0.8396190476190476,0.8547077922077922,0.88,0.8571271561256082,0.9503571428571429,88
0.7932380952380952,0.8254058164058162,0.83,0.8167974347633791,0.8923809523809523,89
0.7988571428571428,0.8106774891774892,0.865,0.8297791556568644,0.9124404761904762,90
0.8212380952380953,0.859553391053391,0.835,0.8394442384241145,0.9316369047619049,91
0.8111428571428572,0.8408997113997114,0.84,0.8300376487977107,0.9122916666666666,92
0.8264761904761906,0.9106911976911977,0.7875,0.8321161092089884,0.9242559523809523,93
0.830095238095238,0.8414819624819624,0.8725,0.8507720772519534,0.9229166666666667,94
0.7892380952380953,0.798526973026973,0.8625,0.8191829933052841,0.9035714285714288,95
0.8216190476190477,0.8384321789321789,0.8625,0.843501670843776,0.9298214285714286,96
0.7936190476190477,0.838321067821068,0.8075,0.8104834407078989,0.9159821428571427,97
0.7543809523809523,0.7658823953823953,0.8325,0.7900179653507827,0.8698809523809524,98
0.820190476190476,0.8755555555555555,0.8125,0.832515497574321,0.9248511904761905,99
0.7768571428571428,0.7911388611388611,0.8475,0.8101188037968224,0.8835416666666667,100
0.8376190476190476,0.8685259740259741,0.8625,0.8551339302252613,0.9448511904761904,101
0.7968571428571428,0.8126536796536797,0.86,0.8250430072163819,0.9185416666666667,102
0.8601904761904762,0.8705187590187591,0.8975,0.8774608334561894,0.9503869047619048,103
0.7797142857142858,0.8002626262626262,0.8225,0.8047841738584773,0.8924107142857145,104
0.8591428571428571,0.859165945165945,0.91,0.8778249318620834,0.9402678571428572,105
0.8095238095238096,0.828093795093795,0.8525,0.8312524561781527,0.9285714285714285,106
0.7647619047619046,0.800112887112887,0.8025,0.791254633567327,0.8935416666666667,107
0.8629523809523809,0.8854300144300143,0.88,0.8756219848263191,0.9421130952380953,108
0.8252380952380952,0.8455764235764235,0.8725,0.8511978967025406,0.9303273809523809,109
0.8325714285714284,0.8504105339105338,0.8625,0.8495139073173128,0.9225000000000001,110
0.7943809523809524,0.8098430458430457,0.855,0.8225828674249728,0.8894940476190476,111
0.7586666666666667,0.7831103896103896,0.805,0.7875242877177862,0.8794642857142858,112
0.8915238095238095,0.8881742146742146,0.94,0.9085884072927416,0.9515476190476191,113
0.7891428571428571,0.7994822954822953,0.8675,0.8181723848906511,0.9224404761904763,114
0.8481904761904763,0.8527936507936508,0.9025,0.8702127415068591,0.9461607142857144,115
0.7813333333333332,0.8080180375180375,0.825,0.8090399773944666,0.9013392857142858,116
0.8584761904761905,0.8842337662337661,0.875,0.8742276278932625,0.9404464285714286,117
0.8076190476190476,0.8324920634920633,0.85,0.8277726865497762,0.930327380952381,118
0.8282857142857144,0.828553724053724,0.8975,0.8549878863826232,0.9299404761904762,119
0.8154285714285714,0.8374415584415584,0.855,0.8388780284043442,0.9337797619047619,120
0.8355238095238094,0.8634826839826837,0.8475,0.8473620949054386,0.9258928571428571,121
0.8215238095238095,0.8402496392496392,0.865,0.8424394356933056,0.9198809523809522,122
0.784952380952381,0.8180007215007216,0.81,0.801707827947766,0.9046130952380953,123
0.7669523809523809,0.7968290043290045,0.8025,0.7916927027221144,0.8522619047619048,124
0.838,0.8610526695526696,0.865,0.8552305934519556,0.9283630952380952,125
0.8204761904761904,0.8196616161616161,0.8975,0.8492250252327651,0.9351785714285715,126
0.8044761904761902,0.8276782106782108,0.84,0.8254848282092864,0.9087202380952383,127
0.7984761904761905,0.8201637806637805,0.8375,0.8218925008599931,0.9020238095238093,128
0.800952380952381,0.8188412698412698,0.8425,0.8245545500251381,0.8912202380952382,129
0.8045714285714286,0.8305238095238094,0.835,0.8256527858106805,0.9283928571428571,130
0.7324761904761904,0.7870411255411254,0.74,0.7494149532957581,0.8539285714285713,131
0.8206666666666668,0.8490461760461758,0.8575,0.8416508616942052,0.9204464285714284,132
0.8157142857142857,0.8234487734487733,0.875,0.8390501744557471,0.931875,133
0.7945714285714286,0.8122691197691198,0.8425,0.8213076677364601,0.9116369047619048,134
0.8336190476190477,0.8478044733044732,0.885,0.8569145431451932,0.9357738095238096,135
0.7707619047619046,0.8062330447330447,0.8075,0.795641235441545,0.8964285714285716,136
0.7854285714285715,0.8148477633477633,0.815,0.806594803373441,0.9098809523809525,137
0.7684761904761903,0.794492784992785,0.8125,0.7951292692515602,0.8922619047619048,138
0.8403809523809523,0.8631385281385281,0.87,0.8584568170048046,0.9253571428571429,139
0.8425714285714284,0.8652294372294372,0.88,0.8628239263316663,0.9446130952380952,140
0.8112380952380953,0.8375750360750362,0.8375,0.8295446213573148,0.9196428571428571,141
0.8143809523809524,0.8537532467532468,0.83,0.8300843322484188,0.9182440476190475,142
0.8600952380952381,0.8450097125097125,0.9375,0.883956386063197,0.9473214285714286,143
0.7959999999999999,0.8065043845043844,0.87,0.8284976165904958,0.9058035714285715,144
0.7809523809523808,0.7797178932178932,0.87,0.816736227824463,0.8967857142857143,145
0.8213333333333334,0.8374105339105339,0.8575,0.8413933154908386,0.9168154761904762,146
0.8045714285714286,0.8380692640692641,0.835,0.8278916446470626,0.9160714285714286,147
0.7983809523809523,0.8067424242424243,0.8675,0.8287175045456778,0.925952380952381,148
0.7958095238095236,0.8329135309135307,0.825,0.8178758812566861,0.8940476190476191,149
0.8200952380952381,0.835732323232323,0.8575,0.8399965316760981,0.9099107142857145,150
0.8169523809523809,0.8405454545454546,0.8475,0.8360075809982931,0.9196428571428571,151
0.812095238095238,0.8289199134199133,0.8675,0.836535015895697,0.9255357142857145,152
0.7921904761904763,0.8456955266955268,0.795,0.807064018197145,0.9052083333333334,153
0.8151428571428572,0.8256536796536795,0.8775,0.8421753516521318,0.9020535714285713,154
0.811047619047619,0.8319256854256853,0.855,0.8335199783017121,0.9236607142857142,155
0.8340952380952382,0.8547546897546897,0.875,0.8559513981031008,0.9386011904761905,156
0.7902857142857143,0.7902251082251083,0.8775,0.822857683424247,0.9044642857142858,157
0.8016190476190475,0.822590909090909,0.845,0.8229120904894899,0.9114880952380954,158
0.8590476190476192,0.8790851370851369,0.885,0.8726815991026516,0.9448214285714287,159
0.7824761904761905,0.8143073593073592,0.8225,0.8073876395362463,0.8901488095238096,160
0.7721904761904761,0.8077716172716174,0.8175,0.8020224184140592,0.8841071428571429,161
0.7858095238095238,0.7978820068820067,0.8475,0.815607030396504,0.889732142857143,162
0.8593333333333333,0.8899422799422798,0.87,0.871901647028582,0.9341964285714286,163
0.798095238095238,0.8329610389610389,0.825,0.8186872308977571,0.8951190476190476,164
0.8015238095238095,0.8494098124098123,0.81,0.8207254221526668,0.9205952380952381,165
0.842952380952381,0.8588261183261183,0.88,0.862078849083493,0.9415773809523812,166
0.7962857142857144,0.810966810966811,0.8425,0.8183249980154004,0.9161309523809524,167
0.8390476190476189,0.8717886002886002,0.8525,0.8539373830503859,0.9329166666666666,168
0.7134285714285714,0.7441125541125541,0.76,0.7421438362119476,0.8260416666666666,169
0.7972380952380952,0.8376381396381396,0.8175,0.8188188646578739,0.9099702380952381,170
0.7651428571428572,0.8060873015873016,0.7925,0.7902325818316528,0.8812500000000001,171
0.823047619047619,0.8304094239094237,0.885,0.8497882961551692,0.9467857142857141,172
0.8367619047619046,0.8316385281385281,0.9,0.8601814094058676,0.9286309523809523,173
0.803047619047619,0.8169725829725829,0.855,0.82763697327784,0.8971130952380953,174
0.7992380952380952,0.8160909090909092,0.8475,0.8226505970809377,0.9077083333333333,175
0.7658095238095237,0.7909819624819625,0.8075,0.7903442410702471,0.899672619047619,176
0.8056190476190476,0.8326269841269841,0.8425,0.828985724114207,0.9111904761904762,177
0.8099999999999998,0.8276976911976912,0.8525,0.8322114505721315,0.9110119047619046,178
0.8392380952380952,0.8647200577200578,0.87,0.8579307355870823,0.9378869047619048,179
0.8325714285714285,0.8444379509379509,0.875,0.8531494932655923,0.9238392857142856,180
0.761047619047619,0.7850367965367967,0.82,0.7931553034169133,0.8849107142857143,181
0.8391428571428573,0.88957215007215,0.8325,0.8508757319391994,0.9402380952380952,182
0.8661904761904762,0.8781017316017315,0.9025,0.8845045211066883,0.9501488095238095,183
0.8017142857142856,0.8520432900432899,0.805,0.815329689230618,0.9154166666666668,184
0.8312380952380952,0.8424224109224109,0.8825,0.8547648325187024,0.9355654761904763,185
0.7793333333333333,0.8068809523809525,0.8325,0.8106735976441858,0.9038392857142857,186
0.7699047619047619,0.8059062049062048,0.8025,0.7916614355716522,0.8908630952380954,187
0.8184761904761905,0.8312359307359307,0.865,0.8378126934984519,0.9103571428571428,188
0.7175238095238095,0.727511877011877,0.8225,0.7650166079190847,0.8516369047619048,189
0.7708571428571428,0.789988455988456,0.8325,0.8035003194260161,0.8898809523809524,190
0.8021904761904761,0.8366803751803751,0.8275,0.8209660368870896,0.9261011904761905,191
0.851142857142857,0.8534379509379508,0.91,0.8730869349089161,0.9424404761904763,192
0.7891428571428573,0.8052066822066821,0.85,0.816989045698024,0.9285416666666666,193
0.7982857142857143,0.8063477633477634,0.8625,0.8262160416123264,0.9071130952380954,194
0.7936190476190477,0.8193095238095238,0.83,0.8175690943043884,0.8963095238095238,195
0.81,0.8488499278499277,0.8225,0.8263415439050114,0.9174404761904762,196
0.7761904761904762,0.8285147630147631,0.78,0.7933173034395945,0.8943749999999998,197
0.793142857142857,0.8131760461760461,0.835,0.8148662699529572,0.903779761904762,198
0.8429523809523809,0.8622961482961483,0.88,0.8630836442539227,0.9325297619047619,199
0.8309523809523808,0.8397330447330447,0.8875,0.8542831853389129,0.9325297619047618,200
0.8379047619047619,0.8440836940836941,0.8925,0.8609381296378201,0.9157142857142857,201
0.9073333333333333,0.918511544011544,0.925,0.9181543319082018,0.9675595238095238,202
0.8152380952380953,0.8661269841269842,0.805,0.8264157868275513,0.9274702380952381,203
0.8662857142857143,0.8864433344433345,0.895,0.8826449986202307,0.9634226190476189,204
0.7747619047619047,0.7888484848484849,0.84,0.8055096073517124,0.8884821428571428,205
0.7747619047619047,0.8057857142857142,0.82,0.8043142452662576,0.9103869047619046,206
0.7719999999999999,0.8138578643578644,0.805,0.7980270453660545,0.8952083333333334,207
0.7699047619047619,0.8048556998556997,0.805,0.7946312349501202,0.9023214285714285,208
0.7619047619047618,0.775443722943723,0.8375,0.7957488687782803,0.8716369047619048,209
0.8223809523809524,0.8393629148629148,0.87,0.846766608864132,0.9147619047619048,210
0.8311428571428572,0.8386580086580087,0.8875,0.8547521745540321,0.9266964285714286,211
0.7983809523809525,0.788511877011877,0.895,0.8343208265762443,0.9144345238095238,212
0.8376190476190476,0.8571345321345321,0.8725,0.8569788763008578,0.929702380952381,213
0.7839047619047619,0.8152936507936508,0.8225,0.808104089409043,0.8991666666666666,214
0.888,0.9200295815295815,0.895,0.9005829297981001,0.9661607142857143,215
0.8752380952380951,0.8959819624819625,0.8925,0.8874773491042841,0.9577083333333333,216
0.7868571428571427,0.7734555999556,0.8975,0.8254939063344635,0.8826190476190476,217
0.8186666666666668,0.8411190476190474,0.85,0.838522337139984,0.937886904761905,218
0.8398095238095238,0.8410194805194806,0.8975,0.8621039117401346,0.930654761904762,219
0.8078095238095239,0.8348881673881674,0.84,0.8304366175620045,0.9066964285714286,220
0.8443809523809523,0.8487099567099565,0.895,0.8656626634459451,0.9263988095238096,221
0.7961904761904762,0.8091399711399712,0.8675,0.8286014432763659,0.9002083333333333,222
0.8199047619047619,0.828950937950938,0.8725,0.8419704963079576,0.9275,223
0.8569523809523811,0.8727099567099565,0.89,0.8765376185561944,0.9285119047619047,224
0.8115238095238096,0.8221183261183262,0.865,0.8367181301670467,0.9079166666666666,225
0.8071428571428573,0.8302626262626264,0.8475,0.8291039775497981,0.9174404761904761,226
0.8577142857142859,0.8865613275613274,0.8725,0.8709764872210692,0.9583630952380952,227
0.799047619047619,0.8499538239538238,0.81,0.8157004357871229,0.9105952380952381,228
0.7779047619047619,0.797125541125541,0.8275,0.8051706490963455,0.8817857142857143,229
0.785904761904762,0.8144891774891774,0.825,0.8112329995425971,0.9025,230
0.807142857142857,0.8164639249639251,0.87,0.8345825253178194,0.9030654761904762,231
0.8020952380952382,0.8376320346320347,0.8175,0.820668178742482,0.9116071428571427,232
0.8225714285714286,0.8376962481962482,0.87,0.8468834208447211,0.9225892857142857,233
0.7428571428571429,0.7558623043623043,0.83,0.7843601670087736,0.8510714285714286,234
0.8521904761904762,0.8481738816738817,0.9125,0.8736163202122954,0.9385119047619048,235
0.8239047619047618,0.8736883116883116,0.815,0.8376086067355415,0.9269345238095237,236
0.7897142857142857,0.807562049062049,0.8325,0.8136491473782494,0.8941964285714284,237
0.8454285714285714,0.8901565656565658,0.8375,0.8561327394655567,0.9341071428571429,238
0.7764761904761904,0.782,0.86,0.8122928131380143,0.8986011904761905,239
0.8733333333333334,0.894616883116883,0.895,0.8895623882481465,0.9561309523809524,240
0.7867619047619047,0.7894992784992785,0.865,0.8197644374888956,0.8883928571428571,241
0.8007619047619045,0.8198351093351093,0.8425,0.8225964779974066,0.9008035714285714,242
0.8239047619047619,0.8515072150072149,0.8525,0.8418348794308546,0.9278869047619048,243
0.8118095238095239,0.8528282828282827,0.825,0.8303285702945145,0.913125,244
0.8682857142857142,0.8809718614718614,0.9,0.8846613347093222,0.9502380952380952,245
0.7662857142857142,0.7664750804750805,0.8575,0.8013670942061034,0.8795238095238095,246
0.8686666666666666,0.9135613275613275,0.86,0.8779605423815948,0.9570535714285714,247
0.8387619047619047,0.8529877344877344,0.885,0.859606030536371,0.9201785714285714,248
0.8009523809523807,0.8347835497835497,0.8375,0.8233606977817505,0.9136904761904764,249
0.7773333333333333,0.805598124098124,0.8275,0.8055916771566927,0.9038095238095238,250
0.8047619047619047,0.8302121212121212,0.84,0.8275105675198553,0.9125297619047621,251
0.8229523809523809,0.8589476634476634,0.8375,0.8396326619716712,0.9299404761904764,252
0.8066666666666665,0.858553391053391,0.805,0.8228251908050669,0.9229464285714286,253
0.8550476190476191,0.8783643578643578,0.8775,0.8703664459035976,0.9413690476190476,254
0.8296190476190478,0.8602279942279941,0.8525,0.8480414157565859,0.9354166666666666,255
0.8013333333333332,0.8225216450216449,0.8375,0.8239527495208608,0.9104464285714288,256
0.821142857142857,0.8247366522366523,0.8875,0.8479035087719298,0.9408333333333334,257
0.8046666666666666,0.8187295482295481,0.865,0.8332106756332762,0.9266369047619049,258
0.8195238095238095,0.8701031746031747,0.8225,0.8343673424958253,0.9264583333333333,259
0.8446666666666666,0.8895851370851371,0.8525,0.8620047498081553,0.9292857142857145,260
0.8381904761904763,0.8932380952380952,0.8275,0.8493889248006894,0.9401785714285714,261
0.795142857142857,0.8161233766233766,0.8475,0.8213466981934475,0.8807142857142857,262
0.7939047619047618,0.8147303807303807,0.845,0.8203866907086721,0.9064583333333333,263
0.7911428571428573,0.7985288600288601,0.8675,0.8232923504084494,0.9128273809523809,264
0.7928571428571428,0.8152056277056277,0.85,0.8220393155176435,0.9071428571428573,265
0.7983809523809523,0.8361803751803751,0.8225,0.8167194116513002,0.8885714285714285,266
0.8295238095238093,0.8292474747474747,0.8875,0.8533194997297163,0.9265476190476192,267
0.766095238095238,0.8038073593073592,0.805,0.7888728105399931,0.883452380952381,268
0.7650476190476191,0.77854218004218,0.845,0.7999125375828163,0.8929166666666667,269
0.8667619047619047,0.8807380952380952,0.895,0.8821012353659412,0.9514880952380952,270
0.7601904761904763,0.8007582972582972,0.7975,0.7835592242295029,0.9026190476190474,271
0.8746666666666666,0.9086443001443001,0.8775,0.8864015941059284,0.963392857142857,272
0.85,0.8467438672438672,0.9,0.8682076514816451,0.9417857142857143,273
0.8270476190476191,0.8638333333333332,0.84,0.8428594053005817,0.9322619047619046,274
0.740952380952381,0.7682092352092351,0.8075,0.774622721963279,0.8783630952380953,275
0.8143809523809523,0.8753708513708512,0.795,0.8264937607971662,0.933422619047619,276
0.8513333333333333,0.8579300144300143,0.8975,0.870257731432654,0.9355654761904764,277
0.771809523809524,0.8022251082251082,0.8,0.7935625715873393,0.8822916666666666,278
0.7437142857142857,0.7705497835497837,0.805,0.7784927174648536,0.8428869047619049,279
0.8007619047619048,0.8020028860028857,0.8775,0.8301731515818201,0.9175,280
0.7997142857142856,0.8133975468975468,0.86,0.8289032403784725,0.9022321428571429,281
0.8284761904761904,0.8362763347763347,0.8925,0.8549140135750042,0.9189583333333333,282
0.8449523809523808,0.8767647907647906,0.8575,0.8593048685061069,0.9415178571428571,283
0.8315238095238097,0.8516392496392495,0.87,0.8510761745993943,0.9380952380952381,284
0.7998095238095239,0.8047064602064603,0.88,0.8326316035186003,0.9086904761904762,285
0.8490476190476192,0.863923520923521,0.8875,0.8684617312512047,0.9405654761904764,286
0.8370476190476189,0.8569639249639249,0.8725,0.8558202444270556,0.9384821428571428,287
0.7955238095238095,0.8145714285714285,0.845,0.8227785678373912,0.8990178571428571,288
0.8263809523809523,0.8208372738372737,0.9125,0.8553606603235084,0.9238988095238095,289
0.8739999999999999,0.8743528138528138,0.92,0.8908994299474177,0.9547321428571428,290
0.8958095238095238,0.928404761904762,0.8925,0.9048724771960066,0.9640178571428573,291
0.7287619047619047,0.7525851370851372,0.79,0.7622274558946386,0.8589285714285715,292
0.7840952380952382,0.7973556998556998,0.845,0.8126162068066093,0.8843154761904762,293
0.809047619047619,0.8082990342990343,0.8875,0.8396916801808442,0.9075,294
0.7556190476190474,0.7929956709956708,0.7975,0.7815625805223327,0.8677380952380953,295
0.8566666666666666,0.8825670995670996,0.8775,0.872291217898029,0.9428571428571427,296
0.7504761904761906,0.7906002886002886,0.785,0.7780682362013631,0.8794047619047619,297
0.785142857142857,0.8214559884559886,0.8175,0.8083295651716703,0.9052976190476191,298
0.7624761904761905,0.765950937950938,0.8475,0.7998973413926974,0.8908333333333335,299
0.7731428571428571,0.8229740259740259,0.7825,0.7869101359596713,0.8828273809523809,300
0.834857142857143,0.8490346320346319,0.8775,0.8550703720084524,0.9295238095238096,301
0.8458095238095237,0.8834343434343433,0.8525,0.8602377814823634,0.9438988095238094,302
0.7838095238095238,0.7976421356421356,0.8475,0.8146484348125215,0.9030952380952381,303
0.8237142857142858,0.8312330447330447,0.89,0.8526075501725654,0.9322023809523811,304
0.7644761904761905,0.8104321789321787,0.7825,0.7835617878853172,0.8816964285714285,305
0.8029523809523811,0.8100829725829725,0.8525,0.8251040553873371,0.9135119047619048,306
0.8255238095238095,0.8406637806637807,0.8675,0.8476485708993446,0.9284226190476191,307
0.8208571428571427,0.8497835497835495,0.8425,0.8404541141692843,0.9297321428571429,308
0.7839047619047621,0.8197016317016318,0.8175,0.8091746069547926,0.9254166666666667,309
0.7525714285714286,0.7808682983682984,0.8075,0.7836068583978799,0.8654761904761905,310
0.8478095238095237,0.8561435786435786,0.8925,0.8676679462608254,0.9226785714285716,311
0.7802857142857142,0.8022222222222222,0.825,0.8041774702765414,0.8868452380952381,312
0.844095238095238,0.8626168831168832,0.8775,0.8629694125963476,0.953452380952381,313
0.784952380952381,0.8396825396825396,0.7925,0.8004221079917674,0.9019345238095241,314
0.778952380952381,0.8038802308802309,0.8225,0.8068753520301507,0.9188095238095237,315
0.8406666666666667,0.8968311688311688,0.82,0.8478971939653053,0.9378273809523808,316
0.8352380952380953,0.8540007215007215,0.875,0.8563129940235201,0.9384226190476191,317
0.8422857142857143,0.8520598845598845,0.8875,0.8629319887199144,0.9196130952380952,318
0.746095238095238,0.7891399711399711,0.7675,0.7666300933328798,0.8866071428571428,319
0.7798095238095237,0.8013059163059164,0.8325,0.8049301572180828,0.8805357142857143,320
0.8666666666666667,0.8648441558441559,0.925,0.886301859475234,0.9603869047619047,321
0.7618095238095237,0.7673401598401598,0.8475,0.798511423732786,0.889702380952381,322
0.8123809523809523,0.8518845598845598,0.8275,0.8291008070017356,0.9199702380952379,323
0.8127619047619047,0.8117586302586303,0.8975,0.8439779104624304,0.8902083333333333,324
0.7892380952380951,0.8029718614718615,0.85,0.816646070303965,0.8889285714285714,325
0.8463809523809523,0.8400194805194804,0.9125,0.8705100742051206,0.9200297619047619,326
0.8093333333333332,0.8232388167388167,0.8625,0.8335524082041108,0.9043154761904763,327
0.8451428571428572,0.8974574314574315,0.8325,0.8538452239195271,0.9551488095238096,328
0.8244761904761906,0.8503924963924964,0.855,0.8440401493930905,0.9071130952380951,329
0.8143809523809523,0.8395573315573316,0.85,0.8342606667498306,0.9321130952380952,330
0.8197142857142857,0.8255541125541123,0.87,0.8402903072160036,0.9210714285714284,331
0.8233333333333333,0.8587554112554112,0.84,0.8406537667698657,0.9211607142857143,332
0.853047619047619,0.8877893217893218,0.8575,0.8612214510635563,0.9506845238095238,333
0.8412380952380952,0.8513805638805637,0.895,0.8642233279276621,0.940059523809524,334
0.8183809523809522,0.8447373737373738,0.8575,0.8419497348197039,0.9188690476190476,335
0.8723809523809523,0.8726998556998558,0.92,0.8894273428669712,0.9388690476190475,336
0.7873333333333333,0.8134386724386724,0.83,0.8153709764607596,0.9097321428571428,337
0.7897142857142856,0.8015209235209235,0.84,0.810468164102839,0.8886309523809526,338
0.8277142857142857,0.8511782106782106,0.8675,0.8498206923795156,0.9282738095238097,339
0.805142857142857,0.8307561327561327,0.8325,0.8247010777320375,0.9136011904761904,340
0.7879999999999999,0.8066010101010102,0.845,0.8153892744682218,0.8925595238095237,341
0.8161904761904762,0.8281839826839829,0.87,0.8393549087651254,0.9206250000000001,342
0.7883809523809524,0.8151969696969696,0.83,0.8118085699989724,0.9191071428571428,343
0.8181904761904764,0.8254163059163058,0.88,0.8447453683227676,0.9242857142857143,344
0.8005714285714285,0.8040310245310245,0.875,0.8314753304830704,0.9236011904761904,345
0.8133333333333332,0.8136767676767676,0.8825,0.8397428866283354,0.9166369047619048,346
0.8224761904761906,0.8461125541125541,0.8575,0.8402840547825068,0.9222916666666666,347
0.8334285714285715,0.8868665223665224,0.8275,0.8440553521126276,0.9312797619047618,348
0.8505714285714286,0.8692034632034633,0.89,0.870688584205612,0.9427976190476189,349
0.8032380952380952,0.8273282828282826,0.84,0.8262524731890056,0.9171130952380954,350
0.7996190476190475,0.7964819624819622,0.875,0.828961763382816,0.9080357142857143,351
0.8200952380952381,0.8491277056277056,0.8475,0.8389738429784868,0.9412202380952382,352
0.8096190476190475,0.8403942723942724,0.8475,0.8305313365684881,0.9397619047619048,353
0.7760952380952382,0.8191608946608946,0.8025,0.79736634383848,0.9171130952380954,354
0.7975238095238096,0.804562049062049,0.8625,0.8262921387178352,0.9189583333333333,355
0.7828571428571429,0.8178203463203463,0.805,0.8046890888609154,0.9068154761904762,356
0.7852380952380952,0.806622655122655,0.84,0.8150191409897292,0.8886607142857141,357
0.8253333333333335,0.8340432900432901,0.88,0.8477070504315085,0.9263392857142857,358
0.787142857142857,0.814734099234099,0.825,0.8125880292737877,0.8845535714285714,359
0.8085714285714286,0.8316774891774891,0.85,0.8302564045861257,0.9280357142857143,360
0.8480952380952381,0.8420844155844155,0.9175,0.8706292938227921,0.9394047619047619,361
0.7944761904761904,0.8271341991341992,0.8275,0.8178086997282042,0.9100892857142857,362
0.8053333333333333,0.8365865800865799,0.83,0.8241018477566466,0.9069940476190474,363
0.8411428571428572,0.8592658452658452,0.875,0.8612201847000608,0.9190178571428572,364
0.7576190476190474,0.7872893217893216,0.8,0.7844969304860945,0.8766369047619049,365
0.8013333333333335,0.8293513708513707,0.8425,0.827748086279046,0.9103571428571429,366
0.7879047619047619,0.8096709956709957,0.8425,0.8152601866657594,0.8927380952380952,367
0.8020952380952382,0.8473860028860029,0.81,0.8169937388033364,0.9089880952380953,368
0.8266666666666667,0.8324516594516593,0.8875,0.8523095975232198,0.9163690476190476,369
0.7719047619047618,0.8094134199134199,0.8025,0.794194197787077,0.898422619047619,370
0.8157142857142858,0.8353232323232322,0.855,0.8372155161659804,0.9261607142857143,371
0.7801904761904761,0.7717651237651237,0.885,0.8180685310561471,0.908125,372
0.8274285714285713,0.8646803751803752,0.8375,0.83956432748538,0.924940476190476,373
0.8452380952380952,0.8685674325674324,0.88,0.8636109769143823,0.9416071428571431,374
0.7860952380952381,0.8423232323232323,0.785,0.8023700805558388,0.9072619047619048,375
0.799047619047619,0.7970962925962926,0.885,0.8327933578289614,0.9079761904761905,376
0.7736190476190475,0.781603896103896,0.845,0.8055356282864022,0.9077380952380952,377
0.8334285714285714,0.8379826839826839,0.9025,0.8597074586919785,0.9286607142857143,378
0.816857142857143,0.8299841269841269,0.865,0.8369181929181927,0.9178571428571429,379
0.7621904761904763,0.7869307359307358,0.815,0.7907500500875113,0.8913690476190476,380
0.7752380952380952,0.7864516594516594,0.845,0.8082674106079678,0.8866964285714285,381
0.8501904761904762,0.8491760461760463,0.91,0.8725075698295511,0.9267261904761905,382
0.8514285714285714,0.8610079365079366,0.8925,0.8690393952452774,0.9479166666666667,383
0.797142857142857,0.8142568542568541,0.8475,0.8190886076427871,0.9010416666666665,384
0.821142857142857,0.8605021645021644,0.84,0.8371757152376346,0.9205357142857143,385
0.8284761904761904,0.8333852813852812,0.8825,0.8525606172293477,0.9263988095238095,386
0.7701904761904763,0.804530303030303,0.81,0.7970460710600029,0.9111607142857142,387
0.8083809523809523,0.8441457431457431,0.8225,0.8250550660210102,0.8945833333333333,388
0.788952380952381,0.8245137085137085,0.8225,0.8128690920362746,0.9023809523809525,389
0.8407619047619047,0.8528138528138528,0.8925,0.8637801895387034,0.9505357142857143,390
0.8735238095238096,0.9113253968253968,0.87,0.8836539179774472,0.9466666666666668,391
0.8266666666666667,0.8543030303030303,0.855,0.8465821945512347,0.9132142857142856,392
0.7508571428571429,0.7851536796536794,0.795,0.779381971142033,0.8796428571428572,393
0.7831428571428574,0.8124567099567098,0.8275,0.8081879680347173,0.8759226190476191,394
0.836952380952381,0.871373015873016,0.8525,0.85156031292409,0.930922619047619,395
0.7861904761904762,0.7978614718614719,0.8425,0.8128914442970171,0.9076785714285713,396
0.8256190476190476,0.8417994227994228,0.8675,0.8463187266809556,0.928720238095238,397
0.82,0.866167388167388,0.83,0.8381520732449524,0.9323214285714285,398
0.8310476190476191,0.8329119769119769,0.8925,0.855656002751978,0.9388690476190475,399
0.8270476190476189,0.833064935064935,0.885,0.852097007223942,0.9391369047619049,400
0.755142857142857,0.7671327561327562,0.83,0.7903893103800224,0.8578571428571429,401
0.7883809523809524,0.8204855699855699,0.8175,0.8072382672367192,0.8999702380952381,402
0.8113333333333334,0.8426298701298701,0.8325,0.8297094867636662,0.9172916666666667,403
0.7870476190476191,0.836170274170274,0.795,0.8017430340557274,0.8915178571428573,404
0.811238095238095,0.8562719502719502,0.8275,0.8308876414263411,0.9308928571428571,405
0.8182857142857144,0.8163939393939394,0.8875,0.8433636542336234,0.9168750000000001,406
0.8383809523809523,0.8478398268398268,0.89,0.8593364897915982,0.9398214285714286,407
0.8589523809523808,0.8725151515151517,0.895,0.8753009786910715,0.9532440476190476,408
0.7354285714285713,0.7863372738372738,0.7625,0.7625159713008008,0.835327380952381,409
0.8510476190476188,0.864034632034632,0.885,0.8659434332437427,0.9467559523809526,410
0.8004761904761903,0.8335880230880232,0.8225,0.8170093434257519,0.913690476190476,411
0.7456190476190478,0.7737012987012986,0.8,0.777116815417125,0.8666964285714286,412
0.8220952380952382,0.8483073593073592,0.845,0.8397603700049519,0.929375,413
0.8262857142857142,0.840184704184704,0.8875,0.8539536624366346,0.9320238095238095,414
0.779047619047619,0.7969144744144745,0.8425,0.809752766153695,0.9160416666666668,415
0.8914285714285713,0.9183528138528139,0.9,0.9030795635393158,0.9713095238095238,416
0.8424761904761905,0.8889502164502163,0.8375,0.8540281643021579,0.9498214285714286,417
0.8780952380952382,0.9129184704184703,0.875,0.8877295217682214,0.9552380952380952,418
0.8087619047619047,0.8383787878787878,0.835,0.8277546600286537,0.9085119047619047,419
0.7807619047619048,0.7954870129870131,0.8325,0.8057018016383343,0.8805059523809524,420
0.7684761904761902,0.8149365079365078,0.79,0.7879580361159307,0.8990178571428571,421
0.7891428571428571,0.8107514152514151,0.85,0.8190031621285492,0.9175595238095238,422
0.7826666666666666,0.7955490620490621,0.8625,0.818902037456419,0.8964880952380954,423
0.8100000000000002,0.8134054834054834,0.8775,0.8379189149343947,0.9242261904761905,424
0.7803809523809524,0.7924220779220777,0.8525,0.812377586122168,0.8827083333333334,425
0.7955238095238093,0.8139163059163059,0.865,0.8251693219061639,0.9182440476190475,426
0.7959999999999999,0.8455670995670995,0.7925,0.8067369486378775,0.9122619047619047,427
0.7865714285714286,0.8208860028860029,0.8325,0.8122408812377852,0.8783333333333333,428
0.7955238095238094,0.7943545898545898,0.8875,0.8283232610183073,0.9155654761904762,429
0.8107619047619048,0.8221626706626707,0.875,0.8409445427293726,0.9051488095238095,430
0.8057142857142857,0.8378629148629151,0.8325,0.8248679095242563,0.9114583333333335,431
0.7897142857142857,0.8005104340104339,0.8675,0.8234165107338481,0.9114880952380952,432
0.7954285714285716,0.8126262626262626,0.85,0.8235653613672188,0.9133333333333334,433
0.8356190476190476,0.8514516594516595,0.8825,0.8570663309858355,0.9391964285714286,434
0.7963809523809523,0.8293261183261182,0.8225,0.815833411514526,0.9103869047619046,435
0.8207619047619048,0.8178261183261184,0.8925,0.8466120561584958,0.9125297619047621,436
0.7704761904761905,0.7716666666666667,0.8575,0.8055680868838764,0.8955654761904762,437
0.7882857142857143,0.820575036075036,0.8225,0.8093292223772101,0.8929166666666666,438
0.7943809523809523,0.8286756576756578,0.8275,0.815500803290277,0.9213988095238095,439
0.8013333333333332,0.8332965367965367,0.8375,0.8276176962012874,0.9105357142857141,440
0.7863809523809523,0.7991096681096681,0.845,0.8135839220978539,0.9013988095238097,441
0.8676190476190477,0.8924552669552669,0.885,0.8825789114566205,0.9511011904761904,442
0.7421904761904763,0.7687820512820513,0.815,0.7801863992560587,0.8548511904761906,443
0.8270476190476191,0.8492236652236652,0.855,0.846485232689567,0.9276190476190476,444
0.8631428571428572,0.8884025974025974,0.8775,0.8744704181267647,0.9597619047619047,445
0.8298095238095238,0.8823809523809524,0.825,0.8425944121238238,0.9328571428571429,446
0.7479047619047617,0.7652417027417028,0.8125,0.7789348200818789,0.8679166666666666,447
0.7973333333333332,0.8167301587301585,0.8475,0.823735023834095,0.9032440476190479,448
0.7794285714285715,0.7931027861027861,0.855,0.8120576210854848,0.9009523809523811,449
0.7996190476190475,0.8175714285714285,0.8575,0.8258686951163731,0.9066964285714286,450
0.8010476190476191,0.8183419913419914,0.8525,0.8260749288551146,0.9121428571428573,451
0.7883809523809526,0.8175396825396826,0.83,0.8144557736724919,0.9072619047619047,452
0.7747619047619048,0.7766904206904206,0.88,0.8144091866166169,0.8819047619047617,453
0.7436190476190475,0.7625699855699853,0.815,0.777915871881816,0.8709821428571428,454
0.8158095238095239,0.835530303030303,0.8575,0.8377439091696057,0.9303273809523809,455
0.8407619047619047,0.8781305916305918,0.8475,0.8556695225998632,0.9331845238095238,456
0.8165714285714284,0.8284393939393939,0.8725,0.8405077947508288,0.9185714285714286,457
0.797142857142857,0.8133665223665223,0.85,0.8239147378249544,0.9047916666666665,458
0.7687619047619048,0.791001443001443,0.8225,0.7994682823196755,0.8794642857142857,459
0.8440952380952379,0.8540331890331891,0.89,0.8658427705765167,0.9329464285714286,460
0.8162857142857142,0.8350223665223665,0.8625,0.8406113946253266,0.9207738095238095,461
0.8040952380952381,0.8217005772005773,0.855,0.827275997308505,0.9165773809523811,462
0.8117142857142856,0.8467528582528581,0.8275,0.8286744822085378,0.9157738095238095,463
0.7156190476190477,0.7478412698412699,0.76,0.7429419345704176,0.8535416666666665,464
0.7581904761904762,0.7919134199134199,0.795,0.7825852413840029,0.8554761904761905,465
0.7991428571428572,0.8147268842268842,0.8525,0.8267711303144739,0.9032738095238095,466
0.789904761904762,0.8132518037518038,0.8325,0.8158088868475866,0.8819642857142856,467
0.7836190476190475,0.7878261183261184,0.865,0.8183514914737825,0.8987499999999998,468
0.74,0.7638621933621934,0.8025,0.7757406128443278,0.8609821428571429,469
0.8339047619047618,0.839624098124098,0.895,0.8567900274819779,0.9276488095238093,470
0.8268571428571428,0.8702590187590186,0.83,0.8408950335869838,0.9257440476190476,471
0.8339999999999997,0.8332950937950937,0.895,0.8574399479089883,0.9372916666666667,472
0.810952380952381,0.8267301587301585,0.865,0.8372780102594344,0.915922619047619,473
0.8040952380952381,0.836017316017316,0.835,0.824461478665813,0.8977678571428571,474
0.7693333333333334,0.7864415584415583,0.8275,0.7997974612247057,0.8570535714285714,475
0.8056190476190476,0.8274545454545453,0.8425,0.8263750779664092,0.9165476190476189,476
0.7873333333333332,0.8020591630591631,0.8525,0.8168813474107591,0.871220238095238,477
0.8078095238095238,0.8366176046176047,0.845,0.8328857248702451,0.9025892857142856,478
0.810285714285714,0.8392382062382062,0.8375,0.8301285151037473,0.9147321428571429,479
0.826952380952381,0.8468145743145743,0.8625,0.8444893814475856,0.9311607142857143,480
0.8605714285714285,0.870539627039627,0.91,0.8820889006074764,0.9475892857142856,481
0.7775238095238095,0.7859531024531025,0.85,0.8083858307155519,0.870327380952381,482
0.8072380952380952,0.8483253968253968,0.8125,0.826080765639589,0.8877678571428572,483
0.8443809523809525,0.8566706071706071,0.8875,0.865683339192627,0.9488988095238097,484
0.778,0.7950923520923522,0.8425,0.808895991865032,0.8992261904761905,485
0.7880000000000001,0.8047828282828283,0.8425,0.8160885792913656,0.9109523809523808,486
0.7791428571428572,0.7914866244866243,0.8525,0.8122580243973431,0.8775,487
0.8126666666666665,0.817959928959929,0.8825,0.8405842056120695,0.9096428571428572,488
0.8070476190476191,0.8414458874458874,0.835,0.8284037847257661,0.9175297619047619,489
0.8295238095238094,0.8662395382395381,0.8425,0.8456598358641702,0.9419940476190475,490
0.8492380952380952,0.8763095238095238,0.87,0.8638161870808929,0.9273214285714287,491
0.820095238095238,0.8734963924963924,0.815,0.8330255314001442,0.926547619047619,492
0.809047619047619,0.7951717171717172,0.9075,0.8428799941029043,0.9331845238095238,493
0.8355238095238094,0.8168340548340547,0.9225,0.8631269349845201,0.8961011904761905,494
0.8794285714285713,0.8789357864357865,0.9225,0.8944836620208138,0.9470535714285714,495
0.8466666666666667,0.8689588744588742,0.8775,0.8646817817545371,0.9466964285714287,496
0.8626666666666667,0.8829480519480519,0.8825,0.8762084509917325,0.9380654761904761,497
0.8558095238095238,0.8861669996669995,0.8775,0.8743733107277998,0.9301190476190476,498
0.8281904761904763,0.8930425685425685,0.8075,0.8364789525919555,0.9307142857142857,499
0.8986666666666666,0.9083686868686869,0.9275,0.9120577291645404,0.9535416666666667,500
0.8133333333333332,0.8452474747474747,0.84,0.8341725029356607,0.8953273809523808,501
0.7655238095238096,0.7771063936063934,0.8375,0.7923378147480316,0.8800892857142857,502
0.772,0.7977546897546897,0.825,0.7999928403210137,0.9132738095238095,503
0.828857142857143,0.8591385281385281,0.86,0.8461159617815963,0.9267559523809524,504
0.8270476190476189,0.8845295815295813,0.8125,0.8381171896558892,0.9427976190476192,505
0.8285714285714286,0.8319617604617604,0.8925,0.8551758336262979,0.9202083333333334,506
0.7786666666666666,0.8019018759018758,0.82,0.8052335741314067,0.8713392857142859,507
0.754095238095238,0.8002647907647906,0.765,0.7736825529132031,0.8797023809523808,508
0.7980952380952381,0.8124664224664224,0.86,0.8272216476334122,0.9075000000000002,509
0.7967619047619047,0.8243881673881674,0.835,0.8203349966167301,0.8994940476190477,510
0.7708571428571428,0.7983661338661341,0.815,0.7962840566726015,0.8985714285714285,511
0.7700952380952382,0.7703549228549228,0.865,0.8072742848826441,0.8672619047619047,512
0.8136190476190477,0.8203845598845599,0.885,0.8430295365109606,0.9150595238095238,513
0.7967619047619047,0.8173971583971584,0.855,0.8249108102080238,0.9133630952380953,514
0.8054285714285715,0.8210703185703184,0.8525,0.8247129208940354,0.9047916666666669,515
0.8065714285714285,0.8263924963924965,0.85,0.8297494981798387,0.915327380952381,516
0.7662857142857143,0.7961212121212121,0.8075,0.7929156677515811,0.8773809523809524,517
0.8025714285714285,0.8094971139971139,0.87,0.8315739631885143,0.8933630952380952,518
0.8354285714285713,0.8637128427128427,0.8575,0.853025493598249,0.933452380952381,519
0.8339047619047618,0.8643066378066377,0.8625,0.8511030618847956,0.9223214285714286,520
0.8152380952380952,0.8297947052947053,0.8625,0.8378846645270792,0.9322916666666665,521
0.8222857142857142,0.8380923520923521,0.875,0.847773604448527,0.9244642857142858,522
0.7764761904761905,0.7966183261183261,0.83,0.8038108714470943,0.9061309523809524,523
0.7856190476190477,0.8238333333333334,0.815,0.8087536816468704,0.8983928571428571,524
0.8322857142857143,0.8463823953823955,0.875,0.8528069305995003,0.9174404761904761,525
0.7437142857142857,0.759852813852814,0.8175,0.7806307548660488,0.850922619047619,526
0.8096190476190476,0.897888888888889,0.7675,0.8158602508602509,0.9208928571428571,527
0.7984761904761903,0.8363939393939394,0.82,0.8199313404174083,0.9040476190476191,528
0.8584761904761904,0.8778333333333334,0.8825,0.8735737628384687,0.9497023809523809,529
0.7997142857142856,0.8089300144300143,0.8575,0.8254230693626977,0.9074702380952381,530
0.8021904761904763,0.8182575757575756,0.86,0.8298415212238741,0.9207142857142858,531
0.7538095238095238,0.7891168831168831,0.785,0.7792511217712456,0.8866071428571429,532
0.7603809523809523,0.779996003996004,0.8125,0.7860686180005064,0.8664880952380952,533
0.7748571428571427,0.7944519924519924,0.85,0.8095748231816341,0.887172619047619,534
0.8594285714285715,0.8850158730158728,0.87,0.8713832507361917,0.9328869047619048,535
0.8015238095238095,0.8373102453102453,0.8275,0.8213201404718433,0.9191369047619048,536
0.708190476190476,0.7486919191919192,0.7575,0.7445108378034074,0.8391964285714285,537
0.8172380952380953,0.812518759018759,0.89,0.8426905328933192,0.9328571428571429,538
0.7861904761904762,0.8098834498834497,0.83,0.809656789031402,0.9139285714285714,539
0.755142857142857,0.7807755577755578,0.81,0.7862026786423071,0.8416071428571429,540
0.8365714285714286,0.852011544011544,0.8725,0.8541141466033106,0.9505059523809524,541
0.7322857142857143,0.7796825396825398,0.7675,0.7604291271164335,0.8605952380952382,542
0.8306666666666664,0.8308391053391054,0.9,0.8572240159221584,0.9317857142857143,543
0.8198095238095238,0.8483650793650793,0.8475,0.8410634202398907,0.9324107142857143,544
0.7558095238095238,0.8046305916305917,0.7725,0.7767982475041296,0.874732142857143,545
0.8148571428571428,0.8356742146742147,0.86,0.8400706668632364,0.908720238095238,546
0.8063809523809523,0.8347813852813851,0.8375,0.8280021376971841,0.9120238095238095,547
0.822857142857143,0.8411681096681094,0.8625,0.842248897129702,0.9359226190476191,548
0.8086666666666666,0.834480130980131,0.845,0.8315193659110066,0.9199999999999998,549
0.7626666666666668,0.7821378066378065,0.8275,0.7943713412490502,0.8876785714285715,550
0.8760952380952383,0.9013809523809523,0.8875,0.8874694390576744,0.9561904761904763,551
0.7911428571428571,0.8374155844155844,0.8075,0.8094944109897669,0.9032440476190474,552
0.8343809523809524,0.868505772005772,0.85,0.8489008210571677,0.9339880952380953,553
0.7770476190476188,0.8074155844155844,0.81,0.7998301145019413,0.8979464285714286,554
0.7718095238095237,0.7901702741702742,0.8275,0.8001564318034906,0.8985119047619047,555
0.8234285714285713,0.8518210678210678,0.8475,0.843034278758737,0.9274404761904761,556
0.7719999999999999,0.8212121212121213,0.7875,0.7924612776284603,0.8667559523809524,557
0.8535238095238094,0.8544992784992784,0.91,0.8740031980403495,0.9273809523809525,558
0.769047619047619,0.8129048729048728,0.7925,0.7927916624139533,0.895892857142857,559
0.8322857142857143,0.8225627705627704,0.91,0.8578441805872146,0.9388690476190478,560
0.8349523809523808,0.8452886002886002,0.88,0.8550812816354612,0.9394642857142856,561
0.7600952380952382,0.7861204906204905,0.8025,0.786986068111455,0.8869940476190478,562
0.8085714285714286,0.8403600288600288,0.8275,0.8271789388801771,0.9182440476190478,563
0.8593333333333334,0.8997539682539681,0.855,0.8712273576097105,0.9465476190476191,564
0.7616190476190475,0.7819378954378954,0.8325,0.7963650547938472,0.8683035714285714,565
0.7689523809523809,0.7913062493062494,0.83,0.8016991271542355,0.887797619047619,566
0.7879047619047619,0.7989927849927849,0.8525,0.8184545942533558,0.8702380952380951,567
0.8170476190476191,0.8352099567099566,0.865,0.8411064066652301,0.9369642857142858,568
0.8319999999999999,0.8539916749916749,0.865,0.8525543988175567,0.9262202380952381,569
0.8326666666666667,0.857613997113997,0.86,0.8504739053516143,0.9421130952380953,570
0.8025714285714285,0.8144224109224107,0.865,0.8313597474077349,0.9172321428571428,571
0.851904761904762,0.835726551226551,0.935,0.8780357020000982,0.9501785714285714,572
0.8025714285714285,0.8294873459873459,0.84,0.8277531819745441,0.9025595238095238,573
0.7693333333333332,0.8089711399711398,0.7925,0.788899998865943,0.890892857142857,574
0.7694285714285714,0.8208088023088023,0.78,0.7893408048779567,0.9121130952380954,575
0.8774285714285713,0.9023946608946609,0.8875,0.8881655628513214,0.9586607142857143,576
0.8224761904761904,0.8327871572871572,0.8775,0.8479300003402169,0.9056845238095238,577
0.861904761904762,0.8908528138528138,0.88,0.8754860492105074,0.9552976190476191,578
0.7570476190476191,0.8096832611832612,0.7575,0.7714844369596692,0.8673511904761905,579
0.874095238095238,0.8813809523809524,0.905,0.8889715578539107,0.9462797619047617,580
0.7587619047619049,0.7872619047619048,0.805,0.7888267595837255,0.8681250000000001,581
0.808952380952381,0.8338795093795093,0.8475,0.8313708573847891,0.9135416666666667,582
0.8562857142857143,0.8708275613275611,0.895,0.8763723770209837,0.9516666666666667,583
0.7986666666666667,0.8358636363636363,0.825,0.8162133874037899,0.9123809523809524,584
0.8209523809523809,0.8372160617160616,0.875,0.845944966797908,0.9343154761904762,585
0.8601904761904762,0.8671183261183261,0.9,0.8762356910375485,0.9394940476190478,586
0.7799047619047619,0.7969653679653681,0.8425,0.8101737337310092,0.8855952380952381,587
0.7911428571428571,0.8126046176046176,0.8425,0.8193535082049014,0.9064880952380955,588
0.7874285714285714,0.8297251082251083,0.81,0.808918977307522,0.8925,589
0.8422857142857143,0.8580036075036074,0.88,0.8619945962190545,0.9544345238095238,590
0.8204761904761904,0.8657359307359307,0.8275,0.8377227873605583,0.9152083333333333,591
0.7674285714285715,0.7999083694083693,0.8225,0.7976112090523855,0.892827380952381,592
0.8705714285714286,0.8952301587301588,0.89,0.8850965668318609,0.9489880952380951,593
0.8255238095238095,0.8220288600288599,0.905,0.8549613963607772,0.9292261904761905,594
0.8246666666666667,0.8568614718614718,0.855,0.8455976857679643,0.9291666666666667,595
0.8843809523809526,0.8829639249639248,0.93,0.8982104816408222,0.9702678571428572,596
0.8602857142857144,0.8954126984126983,0.86,0.8714639804639803,0.9472023809523811,597
0.9127619047619048,0.9275533910533911,0.93,0.9229526776972595,0.9809821428571429,598
0.7959999999999999,0.8073538683538684,0.855,0.8239741397233656,0.9152083333333333,599
0.7902857142857143,0.7978448773448774,0.865,0.8225932988580047,0.9066666666666666,600
0.8354285714285716,0.8659898989898989,0.8475,0.8489252769933884,0.9436011904761905,601
0.8830476190476192,0.8943391053391053,0.9075,0.8952893508280505,0.9616964285714286,602
0.8057142857142857,0.856161616161616,0.8075,0.8220802761050438,0.9090178571428571,603
0.7497142857142856,0.7765656565656566,0.8025,0.78060673554172,0.8670535714285714,604
0.788952380952381,0.8034653679653678,0.8425,0.8136861781149708,0.8973809523809523,605
0.8314285714285714,0.8852474747474747,0.825,0.842971246675581,0.9313690476190475,606
0.828,0.8729300144300144,0.8325,0.8444416716754177,0.9467559523809522,607
0.8425714285714285,0.8417532467532466,0.9075,0.8675682343112683,0.9171130952380954,608
0.7784761904761904,0.7932106782106781,0.85,0.8116304373301275,0.9092261904761905,609
0.8229523809523809,0.8627532467532468,0.8375,0.8385396681062315,0.917857142857143,610
0.8054285714285715,0.8341154401154399,0.8375,0.8256266306792622,0.920327380952381,611
0.8435238095238095,0.8478304473304472,0.895,0.8639751962863417,0.9350892857142857,612
0.8201904761904761,0.820963924963925,0.885,0.8444854557207497,0.9225297619047619,613
0.8280000000000001,0.8342777777777777,0.895,0.855565680793235,0.9063392857142858,614
0.7785714285714285,0.8072261627261628,0.81,0.8005714380219022,0.885952380952381,615
0.7859047619047618,0.7946089466089467,0.8525,0.8157191243568953,0.9011904761904761,616
0.8398095238095238,0.8758253968253967,0.85,0.8514762433988439,0.9432142857142857,617
0.8251428571428571,0.8564466089466091,0.8575,0.8436367672575104,0.9321130952380952,618
0.7904761904761903,0.8074184704184704,0.855,0.8198120451959461,0.9049107142857143,619
0.7876190476190476,0.8057178932178931,0.84,0.8152571644042231,0.8972619047619048,620
0.8154285714285714,0.818981240981241,0.8875,0.8435223125687521,0.9228571428571429,621
0.8277142857142858,0.8539072594072594,0.8625,0.8485434948608322,0.9158035714285714,622
0.7841904761904762,0.803199134199134,0.82,0.8014013729648404,0.8954166666666665,623
0.8156190476190478,0.8162849927849928,0.8875,0.8437058842430357,0.9284821428571429,624
0.8173333333333334,0.8424938394938395,0.855,0.841159395472089,0.9321428571428573,625
0.8526666666666667,0.8882680097680097,0.865,0.8686035696329814,0.9502083333333333,626
0.8039999999999999,0.8410750360750362,0.8225,0.8217811723879833,0.9175595238095238,627
0.7967619047619047,0.8139033189033189,0.855,0.8252526259430283,0.9027083333333334,628
0.7386666666666667,0.760018759018759,0.805,0.7754138060082332,0.8554166666666667,629
0.8173333333333334,0.819076812076812,0.885,0.8445906432748537,0.9298214285714285,630
0.8570476190476191,0.8737186147186147,0.9,0.8768847647021021,0.9482142857142858,631
0.7791428571428572,0.7845281385281385,0.855,0.8118095464906608,0.8820833333333333,632
0.7293333333333333,0.7342907092907092,0.84,0.7760949277760423,0.8532142857142856,633
0.8358095238095238,0.8448603618603618,0.8875,0.8571326619716712,0.9131250000000002,634
0.7946666666666666,0.7937532467532467,0.8725,0.8245736021804133,0.8893452380952381,635
0.8201904761904761,0.8310137085137085,0.87,0.8443398069079183,0.9222619047619047,636
0.7535238095238097,0.7662506937506938,0.825,0.7883756695660721,0.8495833333333335,637
0.7780952380952381,0.8071724386724388,0.8175,0.8033726113927352,0.8863690476190478,638
0.8043809523809523,0.8337589632589633,0.855,0.831690022224078,0.9233035714285713,639
0.8523809523809525,0.8712893217893217,0.8825,0.8674862483577654,0.933363095238095,640
0.7747619047619048,0.8075112665112666,0.8175,0.8009345951606014,0.9027380952380952,641
0.8363809523809523,0.8596962481962481,0.8675,0.8555773275572035,0.9286607142857143,642
0.8944761904761904,0.8991544011544012,0.9275,0.9082228875355811,0.960297619047619,643
0.7891428571428571,0.8224227994227995,0.82,0.8108789847922974,0.8869940476190478,644
0.8066666666666665,0.8185483405483406,0.86,0.8325316609774815,0.9181547619047621,645
0.8036190476190477,0.8259235209235208,0.845,0.8286606826266268,0.8968154761904762,646
0.8702857142857142,0.8901287601287602,0.8975,0.8846868679995613,0.9528571428571427,647
0.8044761904761905,0.8268261183261183,0.8425,0.828140473733353,0.9064285714285714,648
0.8538095238095238,0.8813419913419912,0.875,0.8691651451403771,0.9395238095238095,649
0.8384761904761906,0.846606782106782,0.89,0.8604921901284129,0.9302380952380953,650
0.7661904761904762,0.7781681096681097,0.84,0.8000424114928757,0.8888690476190477,651
0.8546666666666666,0.8737972582972583,0.8875,0.8701277767639994,0.9455654761904764,652
0.8087619047619049,0.8459126984126983,0.8225,0.8271694677871148,0.9192261904761907,653
0.8210476190476189,0.8566363636363635,0.84,0.8365734516601389,0.892202380952381,654
0.7806666666666666,0.7861469086469084,0.8675,0.8162617573345124,0.9086904761904762,655
0.8184761904761905,0.8312459762459763,0.8775,0.8449977923693095,0.9356250000000002,656
0.8541904761904763,0.8692936507936508,0.88,0.8705578898225957,0.9398809523809524,657
0.8292380952380953,0.8654480519480517,0.8475,0.8458673966212664,0.9162202380952382,658
0.7634285714285712,0.8078946608946609,0.785,0.7851831048208757,0.861845238095238,659
0.8266666666666665,0.8474599289599289,0.87,0.8479982327613906,0.914672619047619,660
0.8299047619047619,0.8385591630591631,0.8825,0.8546092436974788,0.9285714285714285,661
0.7897142857142857,0.83804329004329,0.79,0.8017241836251122,0.9017261904761906,662
0.7987619047619048,0.8221280386280386,0.845,0.8233082083035641,0.9190178571428572,663
0.8074285714285715,0.8339227994227995,0.8325,0.8257606554092622,0.9136011904761905,664
0.7516190476190476,0.776044733044733,0.8125,0.7848630890952871,0.8820535714285714,665
0.7899047619047619,0.8166435786435787,0.83,0.8146181365933687,0.9020238095238095,666
0.8847619047619046,0.9034639249639249,0.905,0.8992392992284635,0.9661607142857143,667
0.8196190476190475,0.86148556998557,0.8325,0.8343884503869025,0.9131547619047619,668
0.8411428571428572,0.8554581529581529,0.8825,0.8600700185607306,0.945297619047619,669
0.8579047619047618,0.8782821067821068,0.8875,0.8761812884398023,0.9380357142857143,670
0.7988571428571428,0.8142943722943723,0.85,0.8243772402348255,0.9137202380952381,671
0.8366666666666667,0.8413802308802307,0.895,0.8593071914325785,0.9389285714285713,672
0.8629523809523809,0.8853189033189033,0.8825,0.8777073830881881,0.9426488095238095,673
0.8207619047619048,0.8543322233322234,0.845,0.8413872955389984,0.9222321428571427,674
0.8163809523809523,0.8551002886002886,0.8175,0.8294683295720447,0.9261011904761905,675
0.8028571428571428,0.8209004329004328,0.8525,0.8284040984814978,0.9151190476190477,676
0.7591428571428572,0.8001496836496835,0.8,0.7842295160979371,0.8943750000000001,677
0.798952380952381,0.8541313131313132,0.795,0.8129061018101263,0.9192261904761904,678
0.7975238095238094,0.8492597402597403,0.8,0.8148512268605146,0.9190178571428571,679
0.7455238095238095,0.7694300144300145,0.8225,0.7806250739284796,0.8681845238095238,680
0.798952380952381,0.81612987012987,0.85,0.8231883781852821,0.920565476190476,681
0.7922857142857143,0.8169235209235209,0.8275,0.8133731009272804,0.9106845238095238,682
0.8208571428571428,0.8484639249639249,0.8525,0.8372561190099889,0.8979761904761907,683
0.8170476190476191,0.840281718281718,0.8475,0.8373374008172769,0.9165476190476192,684
0.8861904761904762,0.9413845598845598,0.865,0.8928508053693811,0.9635416666666667,685
0.8500000000000001,0.8886125541125542,0.86,0.8624987910266546,0.9385714285714286,686
0.8098095238095238,0.8290869130869131,0.8625,0.835669244755932,0.9111011904761905,687
0.8414285714285714,0.8517554112554112,0.8825,0.8610681624876669,0.9304464285714285,688
0.7917142857142856,0.8188600288600288,0.82,0.813202663521549,0.9111011904761905,689
0.8201904761904761,0.8597200577200578,0.825,0.8334343626789447,0.9392559523809525,690
0.8460952380952381,0.8908939393939395,0.8375,0.857596319229446,0.937529761904762,691
0.7697142857142856,0.7986746031746031,0.8175,0.7983983507033042,0.8835416666666667,692
0.8531428571428572,0.8958463203463203,0.855,0.8679529952331809,0.9511607142857144,693
0.8695238095238095,0.8520151515151514,0.95,0.8932859845692662,0.9306845238095238,694
0.7622857142857142,0.7852600732600733,0.8225,0.7961141088014153,0.8836309523809525,695
0.8342857142857143,0.8498051948051948,0.875,0.8554470489950365,0.940297619047619,696
0.8604761904761905,0.8765007215007213,0.89,0.8768374140479404,0.9486904761904761,697
0.8458095238095237,0.8916666666666666,0.8425,0.8581928463693168,0.926904761904762,698
0.8346666666666666,0.8505050505050505,0.8775,0.8560887134880941,0.933125,699
0.7655238095238096,0.7697961482961482,0.8525,0.801740775392478,0.8923809523809523,700
0.8218095238095239,0.8354115884115884,0.8725,0.8459416300933329,0.9211904761904762,701
0.7882857142857143,0.8266782106782107,0.8225,0.8104397040867629,0.9141964285714286,702
0.7869523809523808,0.795901875901876,0.8525,0.8152712890824345,0.8983928571428571,703
0.825047619047619,0.858566378066378,0.84,0.8425103199174405,0.9225297619047619,704
0.7455238095238095,0.7733848928848928,0.8025,0.7786308172391763,0.8640476190476192,705
0.8178095238095235,0.8351594516594516,0.8675,0.8403784253242457,0.9135119047619048,706
0.8487619047619047,0.8517496392496392,0.89,0.8664587203302374,0.9508333333333333,707
0.7541904761904763,0.7931269841269841,0.785,0.7782206362608838,0.8790476190476191,708
0.8006666666666666,0.8309494949494949,0.83,0.8185999016463412,0.921547619047619,709
0.766285714285714,0.784075036075036,0.8225,0.7959995690583925,0.8839285714285714,710
0.8144761904761906,0.8202409812409812,0.875,0.840549363605091,0.9103869047619049,711
0.8168571428571428,0.8340057720057721,0.86,0.83995255106091,0.9202976190476191,712
0.791809523809524,0.792004329004329,0.88,0.8227772976937063,0.8947619047619049,713
0.8086666666666666,0.8218091353091352,0.8625,0.8307201712975706,0.9192261904761905,714
0.8080952380952381,0.8333744588744588,0.84,0.8293118864279854,0.9196428571428572,715
0.8325714285714284,0.8373520923520923,0.89,0.8556749830836519,0.9200000000000002,716
0.8228571428571427,0.8705483405483406,0.8225,0.8381291615161586,0.9179166666666667,717
0.8637142857142857,0.8843668553668553,0.885,0.8765065907604608,0.9564880952380953,718
0.7740952380952381,0.8242279942279942,0.775,0.7867156239013824,0.8896726190476191,719
0.8186666666666667,0.824546509046509,0.88,0.8450116221927365,0.9303869047619048,720
0.8607619047619046,0.8815750360750362,0.8825,0.8751323538862238,0.9449404761904764,721
0.8607619047619047,0.8710432900432901,0.89,0.8740666712028939,0.9396130952380952,722
0.7883809523809522,0.8087950937950938,0.8325,0.8136663718118825,0.9018154761904762,723
0.8210476190476191,0.830474025974026,0.8675,0.8442029829475648,0.9237797619047619,724
0.7946666666666666,0.8096150516150518,0.86,0.8250317724930728,0.9092261904761905,725
0.7719999999999999,0.8041782106782107,0.805,0.7942340561055731,0.889077380952381,726
0.8212380952380951,0.8292138972138972,0.8925,0.8497365963929431,0.9228869047619048,727
0.7996190476190477,0.8147359307359306,0.8525,0.8263416384097497,0.9042857142857144,728
0.8522857142857143,0.8724401154401155,0.87,0.8653524573122097,0.936547619047619,729
0.8297142857142857,0.8386799866799867,0.8825,0.8549425524595803,0.914077380952381,730
0.7756190476190477,0.7993769563769563,0.8325,0.8011011018565196,0.9095238095238095,731
0.8114285714285715,0.8440501165501165,0.8425,0.8330948846475162,0.9192559523809524,732
0.8435238095238095,0.8741601731601731,0.87,0.8601948498697725,0.9465773809523809,733
0.8067619047619047,0.8253881673881674,0.8475,0.8293493159747028,0.9132142857142856,734
0.8,0.8115375180375178,0.86,0.8298100889478597,0.8924404761904762,735
0.7946666666666665,0.8310613275613277,0.81,0.8154377024764021,0.8797321428571427,736
0.7496190476190475,0.7812431457431457,0.7975,0.7771921155899484,0.8818154761904764,737
0.7914285714285714,0.8144011544011545,0.845,0.8169965222256245,0.9275892857142857,738
0.8285714285714285,0.864038961038961,0.845,0.843148856303655,0.9344345238095237,739
0.7948571428571428,0.8253181818181818,0.8325,0.8162318790600526,0.927142857142857,740
0.8411428571428572,0.8530266955266955,0.89,0.8636746523170671,0.9217559523809524,741
0.8045714285714286,0.8218030303030304,0.8525,0.8289205725475075,0.8875297619047621,742
0.7945714285714284,0.7960678210678211,0.8775,0.8283798977080711,0.905892857142857,743
0.8187619047619046,0.8462597402597403,0.8475,0.8404069978868739,0.9346428571428572,744
0.795809523809524,0.8612301587301587,0.785,0.8100657022715846,0.9145535714285714,745
0.7926666666666665,0.8408134643134642,0.81,0.8112635302434064,0.9186607142857145,746
0.777904761904762,0.8124235209235208,0.8125,0.803347783107845,0.9005654761904761,747
0.8184761904761902,0.8516940836940838,0.8325,0.8340180466248576,0.921517857142857,748
0.8462857142857142,0.8733369408369408,0.8725,0.8621682656868415,0.9375892857142856,749
0.8285714285714287,0.8414790764790765,0.8825,0.8514147397150492,0.9265476190476192,750
0.768095238095238,0.7816724386724387,0.84,0.8004843141035092,0.8749107142857144,751
0.8184761904761904,0.8262279942279942,0.875,0.8443766883271526,0.9102083333333333,752
0.7805714285714285,0.8004018759018758,0.83,0.8079529234095797,0.8927380952380953,753
0.8260952380952382,0.8536623376623376,0.845,0.8424849000328876,0.9072916666666666,754
0.8208571428571427,0.8655829725829726,0.825,0.8331422492196485,0.9302083333333334,755
0.7577142857142857,0.7682510822510824,0.8275,0.7879818399694559,0.8580654761904764,756
0.8364761904761905,0.8636111111111111,0.855,0.8506017152781858,0.9335714285714285,757
0.8263809523809523,0.8657571872571873,0.8375,0.8420924766667798,0.940654761904762,758
0.8496190476190476,0.8668290043290042,0.8825,0.8677807055345755,0.9406547619047619,759
0.7865714285714286,0.7997770562770563,0.84,0.8127281949216933,0.8911011904761905,760
0.8130476190476189,0.8305316905316904,0.865,0.8401940144478841,0.9306547619047619,761
0.8261904761904763,0.84801332001332,0.8575,0.8438631420179407,0.9298511904761904,762
0.8115238095238094,0.8123480963480963,0.885,0.8403202122954445,0.9171130952380954,763
0.7746666666666667,0.8082546897546898,0.8125,0.8022496456072307,0.8944940476190478,764
0.8477142857142855,0.877101343101343,0.865,0.863592329239388,0.9455059523809524,765
0.8000952380952381,0.8111273171273173,0.86,0.8250502840812437,0.9023511904761904,766
0.8083809523809523,0.829458152958153,0.855,0.834080792100916,0.9183333333333334,767
0.7899047619047619,0.8341406926406926,0.8075,0.8090008713336886,0.9188988095238095,768
0.7735238095238095,0.7973181818181818,0.8175,0.8006240620404707,0.8984226190476192,769
0.7846666666666667,0.7914090909090911,0.8625,0.8186995675463167,0.9012797619047619,770
0.8044761904761905,0.8291002886002885,0.835,0.8265813799203892,0.9053273809523809,771
0.8081904761904762,0.8260353535353535,0.8525,0.8313223273114914,0.9184821428571428,772
0.824095238095238,0.8644184704184703,0.83,0.8401790297765528,0.936607142857143,773
0.803047619047619,0.8017950937950937,0.885,0.8354342719543959,0.908720238095238,774
0.8038095238095238,0.8161645021645022,0.86,0.8304054517893528,0.8938988095238096,775
0.8745714285714286,0.9204822954822955,0.865,0.8833578251813546,0.9637202380952381,776
0.8465714285714285,0.8379166389166389,0.92,0.8706712369158188,0.9408333333333334,777
0.7918095238095237,0.8290295815295816,0.8025,0.8060046910433907,0.8948511904761905,778
0.8199999999999998,0.8736457431457432,0.8125,0.8307013706967267,0.9251785714285715,779
0.7840952380952382,0.8215014430014429,0.795,0.7981440346718983,0.8958035714285715,780
0.8339047619047618,0.8583066378066379,0.8575,0.8520135425290224,0.9472916666666668,781
0.8327619047619048,0.8531746031746031,0.8625,0.8519197012138187,0.9249702380952382,782
0.8016190476190478,0.8182615162615161,0.8575,0.8288568026400843,0.9060416666666665,783
0.753904761904762,0.7837063492063492,0.8075,0.7833468270635453,0.8904464285714284,784
0.7941904761904762,0.8052171162171162,0.8725,0.8244678627186366,0.9202380952380952,785
0.8127619047619048,0.8750346320346319,0.7975,0.8224823642130141,0.9337499999999999,786
0.8053333333333333,0.8017821067821067,0.8875,0.8352155842093922,0.925625,787
0.8379047619047618,0.8630541125541125,0.865,0.8537752242597445,0.9327678571428573,788
0.8527619047619048,0.8748217893217892,0.8775,0.8697954444935868,0.9474404761904762,789
0.8320952380952381,0.855424963924964,0.865,0.8548776106934,0.9310119047619048,790
0.7539047619047621,0.7804165279165279,0.8275,0.7888425116335334,0.8577380952380952,791
0.786,0.8138715728715727,0.8225,0.8086576849363226,0.9030059523809524,792
0.7944761904761904,0.8311385281385282,0.8125,0.8120225715117355,0.9219940476190476,793
0.7412380952380951,0.7952922077922078,0.76,0.7641439862167415,0.8550297619047619,794
0.8096190476190478,0.8171248196248198,0.8725,0.8370565157236983,0.918125,795
0.8565714285714285,0.8679466089466089,0.8875,0.8723410978426458,0.9432440476190476,796
0.834095238095238,0.852489898989899,0.8725,0.8560715268563566,0.931875,797
0.8584761904761905,0.8728744588744588,0.89,0.8747923504084494,0.953392857142857,798
0.8422857142857143,0.8764711399711399,0.855,0.8560163171881437,0.9246130952380953,799
0.8720952380952381,0.8912557442557442,0.8975,0.8877859845692662,0.9559523809523809,800
0.8861904761904762,0.9152063492063491,0.885,0.8947245564892624,0.9529761904761905,801
0.7990476190476191,0.8374054834054833,0.8275,0.8223080022832344,0.9022321428571428,802
0.7927619047619047,0.8059040404040404,0.8575,0.8238544683730441,0.9207440476190477,803
0.8501904761904762,0.8513816738816737,0.9025,0.8717735269546414,0.9526488095238095,804
0.8324761904761906,0.8468167388167386,0.8725,0.8516625386996902,0.9354464285714286,805
0.7938095238095237,0.8361291486291487,0.815,0.8137234318828745,0.9157142857142857,806
0.8563809523809524,0.9066305916305916,0.85,0.8664467617006315,0.963125,807
0.8244761904761906,0.8626421356421357,0.8425,0.8426659597712228,0.9308333333333333,808
0.7905714285714285,0.8044105339105339,0.85,0.8190828560844041,0.9033035714285715,809
0.8562857142857143,0.8866587301587302,0.875,0.8734419665302017,0.95375,810
0.8596190476190476,0.8889531024531023,0.87,0.8720315891538801,0.9500892857142859,811
0.7931428571428571,0.8130223665223665,0.8425,0.8178359870263894,0.9134821428571428,812
0.7711428571428571,0.79497113997114,0.825,0.8001891417835688,0.8677380952380953,813
0.8410476190476188,0.8339199134199133,0.92,0.8670304550970184,0.9123511904761906,814
0.7876190476190476,0.7859407814407814,0.8875,0.824516069585729,0.9122619047619048,815
0.8016190476190475,0.8228290043290043,0.8475,0.8267385980033037,0.8968154761904762,816
0.7912380952380953,0.8004848484848486,0.87,0.8258254325653707,0.8895833333333332,817
0.6819047619047619,0.708566378066378,0.76,0.7277325421396629,0.8130357142857143,818
0.834,0.8502445887445887,0.88,0.8568509263354465,0.9294642857142859,819
0.7651428571428572,0.7823708513708513,0.825,0.7965703965796844,0.8827380952380952,820
0.7450476190476192,0.7482287157287157,0.85,0.7880192619557944,0.8722321428571429,821
0.880952380952381,0.9121861471861472,0.885,0.8892531970953023,0.9607440476190477,822
0.8271428571428571,0.8198917748917748,0.9075,0.8549664961801183,0.9238392857142856,823
0.8395238095238095,0.8612409812409811,0.865,0.8552400966766289,0.9204166666666665,824
0.8457142857142856,0.8622316017316016,0.88,0.8636966454598033,0.9363988095238096,825
0.7875238095238096,0.8285526695526696,0.82,0.8120145458256913,0.9073214285714287,826
0.8059047619047619,0.8333686868686868,0.84,0.8258294933480691,0.9212202380952381,827
0.8253333333333334,0.8410569985569986,0.8775,0.8482673100892913,0.9401190476190476,828
0.7287619047619048,0.7673759018759018,0.77,0.7591011937838563,0.8544642857142858,829
0.7492380952380953,0.7694098124098124,0.815,0.7836109164313497,0.8514880952380952,830
0.8081904761904761,0.8463766233766232,0.8225,0.8267125090252024,0.9260119047619049,831
0.7791428571428571,0.7894055944055944,0.8475,0.8114091714958589,0.8859226190476192,832
0.7850476190476189,0.8269985569985568,0.8075,0.8051014111447549,0.8903869047619049,833
0.8389523809523809,0.8699639249639248,0.86,0.8578447362750766,0.944375,834
0.8228571428571427,0.8416753246753246,0.865,0.8438914972196706,0.9364583333333333,835
0.7622857142857142,0.7877279942279942,0.8175,0.7918026976463508,0.8694642857142857,836
0.8543809523809522,0.8620728715728714,0.9025,0.8718199665831243,0.9632738095238096,837
0.8436190476190477,0.8821782106782107,0.8525,0.8578298524660753,0.9413988095238095,838
0.860761904761905,0.8579473304473305,0.92,0.8829037053417856,0.9488988095238095,839
0.8350476190476189,0.8462020202020202,0.88,0.855668409334044,0.9327380952380951,840
0.8215238095238095,0.870106782106782,0.82,0.8357092051395455,0.9246130952380953,841
0.8213333333333332,0.8230577200577203,0.8975,0.8496353666972861,0.9292857142857143,842
0.8536190476190477,0.8678095238095237,0.8875,0.8724216045392515,0.939702380952381,843
0.8053333333333331,0.8487359307359307,0.8175,0.8230314322760143,0.8905059523809524,844
0.7635238095238094,0.7769805194805194,0.8075,0.7797030999616138,0.8683333333333333,845
0.8412380952380952,0.8513578643578643,0.89,0.8639906137893754,0.9375595238095238,846
0.7991428571428572,0.8139350649350647,0.8575,0.8253163073596508,0.8892559523809525,847
0.8150476190476192,0.8513304473304474,0.8275,0.8316411012448164,0.9230654761904762,848
0.784190476190476,0.8148290043290044,0.8225,0.8079531735893964,0.8937202380952382,849
0.7873333333333333,0.8271147186147186,0.8125,0.8079207615569846,0.8802380952380954,850
0.7811428571428571,0.7958095238095239,0.8475,0.8118183467719072,0.8911607142857144,851
0.8324761904761904,0.8409105339105339,0.8775,0.8540139073173129,0.9224999999999999,852
0.856,0.863582251082251,0.8975,0.8755672760332202,0.958125,853
0.7807619047619049,0.8058808968808968,0.83,0.8096314920030089,0.8879464285714285,854
0.7530476190476191,0.7736991341991342,0.8125,0.7857620881010974,0.8736011904761906,855
0.8012380952380951,0.8130584415584415,0.8475,0.8261022900388224,0.8993750000000001,856
0.7605714285714285,0.7683300588300588,0.835,0.7935017199862401,0.8901785714285714,857
0.8718095238095239,0.9062597402597402,0.8775,0.8853667048465809,0.9630357142857143,858
0.819047619047619,0.8498268398268398,0.8525,0.8419874233094048,0.9285119047619048,859
0.7998095238095239,0.8143615828615828,0.86,0.8290707670382592,0.9130059523809524,860
0.8253333333333335,0.8433888888888889,0.8625,0.8463006176829704,0.9275892857142857,861
0.7759047619047617,0.7948477633477633,0.825,0.8031871061515022,0.8883333333333334,862
0.8512380952380951,0.8653300588300585,0.8925,0.8708303129618917,0.9422916666666665,863
0.8017142857142856,0.8411089466089464,0.82,0.8201934304086005,0.9389583333333333,864
0.8233333333333333,0.8453816738816738,0.865,0.8445529377743,0.9169047619047619,865
0.847047619047619,0.8640295815295815,0.8775,0.863626239429645,0.9213392857142856,866
0.7793333333333333,0.8316767676767677,0.78,0.7940051984479228,0.9133630952380952,867
0.8362857142857143,0.8637337662337663,0.8575,0.853258763424398,0.9231547619047621,868
0.7552380952380952,0.763543623043623,0.8475,0.7937710916907982,0.8821428571428569,869
0.8482857142857143,0.8814422799422799,0.8575,0.8628330914012028,0.9435714285714286,870
0.8354285714285716,0.8468051948051948,0.88,0.8573854243451765,0.93625,871
0.8379047619047618,0.8592258297258297,0.88,0.8613464143355783,0.9270833333333333,872
0.7794285714285712,0.7743412698412697,0.88,0.8136499693976472,0.9028869047619047,873
0.819809523809524,0.8390555555555556,0.86,0.8413358641702292,0.9223809523809524,874
0.7916190476190476,0.8354271284271283,0.8,0.8082081410161905,0.9104166666666668,875
0.8407619047619047,0.8902835497835497,0.8375,0.8539497329296089,0.9275,876
0.7767619047619047,0.8131060606060605,0.8125,0.8002995894714161,0.8855357142857143,877
0.8040952380952381,0.852847041847042,0.81,0.8201515213372798,0.9175595238095238,878
0.8414285714285715,0.8746370851370849,0.855,0.8581636576357937,0.9436607142857143,879
0.8177142857142857,0.8227994227994226,0.8725,0.8422482677281438,0.9163392857142858,880
0.8166666666666668,0.8236832611832612,0.8675,0.8367245432585989,0.9035416666666667,881
0.8373333333333332,0.8505620490620491,0.88,0.8581832541383625,0.9302083333333334,882
0.7884761904761904,0.8149220779220779,0.8275,0.8123548728533249,0.8951488095238095,883
0.8350476190476189,0.8974163059163058,0.8175,0.8440901934322986,0.9379464285714286,884
0.8088571428571428,0.8347597402597401,0.8475,0.8312890805444983,0.9210416666666665,885
0.8241904761904761,0.8328697413697413,0.8825,0.8488276554886461,0.9050297619047619,886
0.7482857142857142,0.7692344877344875,0.81,0.7786711185271556,0.8629761904761906,887
0.8513333333333334,0.8726623376623377,0.8775,0.8669220902936072,0.9516666666666667,888
0.769047619047619,0.7855959595959595,0.84,0.8039177128341214,0.9027678571428572,889
0.8422857142857143,0.8598722943722943,0.88,0.8634585237603812,0.9351488095238096,890
0.7454285714285714,0.7747727272727272,0.795,0.7743630626339604,0.8669940476190477,891
0.8509523809523809,0.8845274170274169,0.8625,0.862626232556573,0.9447619047619048,892
0.8720952380952381,0.8747532467532466,0.915,0.8885017974801255,0.9482142857142857,893
0.7668571428571428,0.7962564657564657,0.8125,0.794902612867009,0.8986309523809524,894
0.8142857142857142,0.8336385281385281,0.855,0.8372263252743128,0.9048214285714287,895
0.7924761904761904,0.8093210678210678,0.8475,0.8202466252357893,0.9219345238095238,896
0.8303809523809522,0.8613008658008658,0.85,0.8462843515273856,0.9131249999999999,897
0.7961904761904761,0.8221536796536796,0.8375,0.8206353648071915,0.8941071428571428,898
0.7917142857142855,0.8030252525252525,0.855,0.8218400771914702,0.9052678571428571,899
0.8124761904761906,0.8291406926406926,0.8675,0.8378073792392676,0.914672619047619,900
0.783142857142857,0.7866969696969697,0.87,0.8205780136616049,0.9120833333333332,901
0.8116190476190477,0.8340773115773115,0.8625,0.8388724015922158,0.90375,902
0.8315238095238096,0.8432438672438672,0.87,0.8505302471865939,0.9205654761904762,903
0.8079999999999998,0.8547200577200578,0.81,0.822944382071317,0.9326785714285716,904
0.8454285714285714,0.8910375180375181,0.84,0.8570563550656428,0.9483035714285716,905
0.8433333333333333,0.852564935064935,0.8875,0.8625448821903929,0.9282738095238094,906
0.8561904761904762,0.8821861471861473,0.8775,0.8724543750023624,0.936904761904762,907
0.8098095238095238,0.8116976911976912,0.885,0.8404035598044883,0.9019047619047619,908
0.7922857142857143,0.822121212121212,0.825,0.8129242467199121,0.9005059523809525,909
0.7928571428571428,0.8473629148629148,0.7925,0.8109712081863785,0.9022916666666668,910
0.7,0.7346695526695527,0.7675,0.7411392697429848,0.8366666666666667,911
0.773142857142857,0.8022265512265512,0.8175,0.7980313573595307,0.9030952380952381,912
0.7847619047619048,0.809416305916306,0.8275,0.8091329813976873,0.9105952380952381,913
0.8561904761904764,0.8892150072150072,0.87,0.8715374786891814,0.9412797619047619,914
0.761142857142857,0.7942806637806638,0.81,0.7925726628033131,0.8791964285714287,915
0.7924761904761906,0.8362777777777777,0.81,0.8120044178387831,0.9091369047619048,916
0.8101904761904761,0.859079365079365,0.8025,0.8227754075989369,0.9262797619047619,917
0.7832380952380953,0.8181107226107227,0.8125,0.8056522584742399,0.8914285714285713,918
0.8099047619047617,0.8083603618603616,0.8875,0.8382712531706339,0.9297619047619048,919
0.8326666666666667,0.860003219003219,0.86,0.851302022023384,0.9295238095238095,920
0.7816190476190477,0.8307041847041847,0.795,0.8029902055289051,0.89875,921
0.7761904761904761,0.8289372294372295,0.7975,0.7956205433713173,0.9015476190476192,922
0.8401904761904763,0.8524166389166389,0.89,0.8630703247560831,0.9486309523809523,923
0.8194285714285715,0.8413600288600288,0.865,0.839326857353173,0.9347916666666666,924
0.8244761904761905,0.8662251082251083,0.83,0.8377990867062074,0.9368452380952381,925
0.8495238095238095,0.8606623376623377,0.8925,0.8681439533978232,0.9408630952380953,926
0.8029523809523809,0.8201443001443001,0.8525,0.8296178190574476,0.8930654761904762,927
0.7894285714285714,0.8156150516150517,0.8375,0.8164224928837932,0.8974107142857142,928
0.8484761904761906,0.870050505050505,0.88,0.8639408142596997,0.9462202380952383,929
0.8224761904761904,0.8638434343434344,0.8325,0.8382718239792541,0.9384523809523809,930
0.7162857142857143,0.7519592074592073,0.7625,0.746259354852234,0.8539880952380952,931
0.7963809523809524,0.8149837384837386,0.845,0.8193783232591281,0.8913095238095237,932
0.8623809523809524,0.89604329004329,0.8675,0.8739463666708248,0.9447619047619048,933
0.789904761904762,0.7959076479076477,0.865,0.8220391930051372,0.9199404761904764,934
0.8189523809523809,0.872995670995671,0.815,0.829485814838756,0.9449404761904762,935
0.8610476190476191,0.9004682539682537,0.8575,0.8714279609279607,0.9590476190476189,936
0.8218095238095238,0.8475930735930736,0.85,0.839715389529631,0.9300595238095238,937
0.8506666666666668,0.8481421356421355,0.9175,0.8745257506511376,0.9517559523809525,938
0.8036190476190477,0.8297005772005772,0.845,0.8281250240987084,0.9197619047619047,939
0.8194285714285715,0.8434632034632034,0.855,0.8423369736558588,0.9201785714285715,940
0.8159047619047618,0.8381890331890332,0.8575,0.8385806182121971,0.8973214285714286,941
0.7823809523809523,0.8053769563769565,0.835,0.8124482057330353,0.8987797619047619,942
0.7648571428571428,0.7906038406038407,0.8225,0.7964344949855784,0.892797619047619,943
0.8564761904761905,0.8772835497835497,0.8825,0.8716798009352188,0.9471130952380952,944
0.8159047619047618,0.8451262626262627,0.8425,0.8363780548656709,0.9208333333333333,945
0.777047619047619,0.8123499278499277,0.81,0.7980479649349617,0.8830059523809524,946
0.7706666666666666,0.7770036075036074,0.8575,0.8070099286678234,0.8613392857142855,947
0.8663809523809524,0.8826746031746032,0.8925,0.8797612942612943,0.9517559523809522,948
0.7594285714285713,0.7647784992784993,0.845,0.796254314141311,0.8834523809523809,949
0.7274285714285716,0.7428242868242867,0.7975,0.758264745574343,0.8608035714285716,950
0.8155238095238094,0.8364025974025974,0.85,0.8373395366243662,0.8996130952380953,951
0.8555238095238096,0.8380194805194805,0.9425,0.8821591970121381,0.9437202380952381,952
0.8051428571428572,0.8315815295815295,0.835,0.8235585927660231,0.9092559523809522,953
0.7917142857142856,0.8235728715728715,0.8325,0.8150476833108411,0.9085714285714285,954
0.7708571428571428,0.7890331890331891,0.82,0.7967288394440097,0.8824107142857143,955
0.8256190476190476,0.8413896103896102,0.8725,0.8484458317740049,0.9317559523809522,956
0.816952380952381,0.832056277056277,0.865,0.8404910806427833,0.9050297619047618,957
0.7426666666666667,0.7770956820956821,0.7975,0.774750371403622,0.8688095238095239,958
0.8019047619047616,0.8288730158730158,0.8275,0.8201068016950367,0.9083630952380953,959
0.7996190476190477,0.832642857142857,0.8325,0.8215501139727145,0.9087797619047617,960
0.7726666666666668,0.7647001887001886,0.885,0.8139833898471669,0.8887797619047619,961
0.786952380952381,0.8100764790764791,0.825,0.8102857256262829,0.8956845238095239,962
0.7366666666666667,0.763463924963925,0.79,0.7680173453996981,0.8658035714285713,963
0.855809523809524,0.8608441558441559,0.91,0.8761382377512408,0.9346428571428572,964
0.816190476190476,0.839478354978355,0.85,0.838125878421544,0.9295238095238095,965
0.8047619047619048,0.8244617604617605,0.85,0.8280438577590279,0.8962797619047619,966
0.8378095238095237,0.8436738816738817,0.8925,0.860006834582686,0.9201488095238096,967
0.8226666666666665,0.8697301587301587,0.8325,0.839762622997917,0.9044047619047619,968
0.7914285714285715,0.805959595959596,0.8525,0.8211479225968391,0.9107440476190476,969
0.8674285714285714,0.8912756132756132,0.8925,0.8839036580894165,0.9421428571428571,970
0.7866666666666666,0.811951270951271,0.845,0.8175774126114682,0.9070535714285716,971
0.797904761904762,0.8025678210678211,0.87,0.8258735054075611,0.9037797619047617,972
0.7936190476190476,0.8073427128427128,0.855,0.8219934016791599,0.901934523809524,973
0.8053333333333335,0.8133391053391053,0.8775,0.8353979821348241,0.9017559523809524,974
0.842952380952381,0.8665440115440116,0.875,0.8591317856550053,0.9271726190476189,975
0.8558095238095238,0.866481240981241,0.8975,0.8745607665468346,0.943392857142857,976
0.7821904761904763,0.8294177489177489,0.7875,0.7966873915558125,0.9139880952380952,977
0.8131428571428572,0.8193398268398266,0.8775,0.8406562843760986,0.9201190476190476,978
0.826,0.828953823953824,0.8875,0.8514319395774502,0.9282142857142857,979
0.7680952380952379,0.7708437673437674,0.87,0.8103558651530787,0.8679761904761905,980
0.7741904761904762,0.8073896103896102,0.81,0.8003579915096941,0.8882142857142858,981
0.8273333333333333,0.8416457431457433,0.875,0.8514859717166218,0.9094642857142857,982
0.8016190476190475,0.8315053835053834,0.835,0.8207457633525743,0.8926785714285714,983
0.8674285714285713,0.8894004329004329,0.8925,0.8833530678128202,0.9435416666666667,984
0.7899047619047619,0.801118326118326,0.845,0.8171079168509509,0.8902083333333333,985
0.7746666666666665,0.7883383838383838,0.84,0.8042125732884248,0.891875,986
0.852095238095238,0.8735165945165945,0.885,0.8706011143998758,0.939077380952381,987
0.8493333333333333,0.895484126984127,0.845,0.8601411692882281,0.9564880952380952,988
0.8069523809523811,0.8347813852813851,0.8375,0.8257395506110674,0.9241071428571429,989
0.7926666666666666,0.7879862914862915,0.8825,0.8267460827785905,0.9152083333333334,990
0.8591428571428571,0.8621229881229882,0.9025,0.8758145968238845,0.9408630952380952,991
0.8013333333333332,0.8367597402597401,0.8275,0.8243839784226781,0.9251488095238096,992
0.8435238095238097,0.8714329004329003,0.865,0.8594066349886782,0.903452380952381,993
0.8497142857142858,0.8936746031746031,0.84,0.8599518422753717,0.929375,994
0.8065714285714285,0.8339902319902319,0.8275,0.8212190750426044,0.9215476190476192,995
0.823809523809524,0.8235093795093795,0.895,0.8494569152897326,0.9464880952380952,996
0.8479999999999999,0.8762142857142856,0.865,0.8624064856711915,0.944375,997
0.8148571428571426,0.8167546897546896,0.88,0.8423341460740841,0.9149404761904762,998
0.8097142857142856,0.8376522366522365,0.8375,0.8303142206950256,0.907172619047619,999
0.8013333333333332,0.8662857142857142,0.7775,0.8094209581268403,0.9196130952380953,1000
